{
  "name" : "reusableOffice365Login",
  "displayName" : "reusableOffice365Login",
  "type" : "oauth2",
  "version" : "1.0",
  "metaPreference" : -1,
  "config" : "{\"client_authentication\":{\"authentication_scheme\":\"form\",\"client_secret\":\"E7O3FZL38aysV0VYJlyF3nzjMPVd1YyQ+PWmSkZ7yjI=\",\"client_id\":\"2137a236-d70c-497b-b4a2-8fb736c41750\"},\"authentication_scheme\":\"header\",\"additional_data\":{\"refresh_request\":[{\"source\":\"constant\",\"value\":\"https://graph.microsoft.com/\",\"in\":\"form\",\"key\":\"resource\"}],\"revoke_request\":[],\"profile_request\":[],\"authorize_request\":[],\"token_request\":[{\"source\":\"constant\",\"value\":\"https://graph.microsoft.com/\",\"in\":\"form\",\"key\":\"resource\"}]},\"grant_type\":\"authorization_code\",\"auth_type\":\"oauth2\",\"dependent_providers\":[],\"logout_url\":\"\",\"token_endpoint\":\"https://login.microsoftonline.com/b63981cd-c7f5-47d0-a6f4-01bd854a0af1/oauth2/token\",\"oauthProviderType\":\"default\",\"authorization_endpoint\":\"https://login.microsoftonline.com/b63981cd-c7f5-47d0-a6f4-01bd854a0af1/oauth2/authorize\",\"profile\":{\"request_method\":\"GET\",\"profile_attribute_selectors\":{\"first_name\":\"\",\"email\":\"\",\"federation_id\":\"userPrincipalName\",\"last_name\":\"\",\"custom_profile_attribute_selectors\":{}},\"endpoint\":{\"location\":\"url\",\"value\":\"https://graph.microsoft.com/v1.0/me\",\"type\":\"direct\"}}}",
  "policyConfig" : "{\"max_login_fail\":5,\"def_user_status\":\"pending\"}",
  "admissionPolicy" : "no_approval_needed",
  "ssoenabled" : false
}