{
  "operationConfig" : {
    "name" : "deleteContact2434",
    "type" : "MappedToBackend",
    "cachable" : false,
    "smsEnabled" : false,
    "security" : "authorized_app_user",
    "responseEncoding" : "UTF-8",
    "httpMethod" : "GET",
    "decodeResponseBody" : false,
    "referencingEndpoint" : "default",
    "applyCommonMapping" : true,
    "opcode" : "delete",
    "relationshipHierarchyMapping" : {
      "children" : [ ],
      "name" : "Contact",
      "selected" : true
    },
    "requestXmlMappingOverride" : false,
    "responseXmlMappingOverride" : false
  }
}