{
  "name" : "reusableLinkedinLogin",
  "displayName" : "reusableLinkedinLogin",
  "type" : "oauth2",
  "version" : "1.0",
  "metaPreference" : -1,
  "config" : "{\"client_authentication\":{\"authentication_scheme\":\"form\",\"client_secret\":\"mWBi62apN0leQeoa\",\"client_id\":\"81axo8no4hzjco\"},\"authentication_scheme\":\"header\",\"additional_data\":{\"refresh_request\":[],\"profile_request\":[{\"value\":\"json\",\"in\":\"query\",\"key\":\"format\"}],\"authorize_request\":[],\"token_request\":[]},\"scope\":\"r_basicprofile r_emailaddress\",\"auth_type\":\"oauth2\",\"logout_url\":\"\",\"token_endpoint\":\"https://www.linkedin.com/oauth/v2/accessToken\",\"oauthProviderType\":\"linkedin\",\"authorization_endpoint\":\"https://www.linkedin.com/oauth/v2/authorization\",\"profile\":{\"request_method\":\"GET\",\"profile_attribute_selectors\":{\"first_name\":\"firstName\",\"email\":\"emailAddress\",\"federation_id\":\"id\",\"last_name\":\"lastName\",\"custom_profile_attribute_selectors\":{}},\"endpoint\":{\"location\":\"url\",\"value\":\"https://api.linkedin.com/v1/people/~:(id,first-name,last-name,email-address)\",\"type\":\"direct\"}}}",
  "policyConfig" : "{\"max_login_fail\":5,\"def_user_status\":\"pending\"}",
  "admissionPolicy" : "no_approval_needed",
  "ssoenabled" : false
}