{
  "operationConfig" : {
    "name" : "updateStatus6646",
    "type" : "MappedToBackend",
    "cachable" : false,
    "smsEnabled" : false,
    "security" : "authorized_app_user",
    "responseEncoding" : "UTF-8",
    "httpMethod" : "GET",
    "decodeResponseBody" : false,
    "referencingEndpoint" : "default",
    "applyCommonMapping" : true,
    "opcode" : "update",
    "relationshipHierarchyMapping" : {
      "children" : [ {
        "children" : [ ],
        "name" : "Employee",
        "selected" : true
      } ],
      "name" : "Status",
      "selected" : true
    },
    "requestXmlMappingOverride" : false,
    "responseXmlMappingOverride" : false
  }
}