{
  "name" : "reusableFacebookLogin",
  "displayName" : "reusableFacebookLogin",
  "type" : "facebook",
  "version" : "1.0",
  "metaPreference" : -1,
  "config" : "{\"client_secret\":\"7b9e696979b4344a9dac154ab4e6bd30\",\"scope\":\"email\",\"callback\":\"https://100000014.auth.konycloud.com/oauth2/callback\",\"client_id\":\"1302512203159361\",\"url\":\"https://graph.facebook.com\"}",
  "policyConfig" : "{\"max_login_fail\":5,\"def_user_status\":\"pending\"}",
  "admissionPolicy" : "no_approval_needed",
  "ssoenabled" : false
}